WITH ins2 AS ( insert into users (full_name, username, password, status, raw_phone_number) VALUES ('Phạm Quốc Hậu', 'phamquochau671992@gmail.com', '9145df64c38e9fe27b19a8fc1ce1b2359768d46bfd347f56d14762bd8642797b', 1, '0934870604') returning id) , sale2 AS ( insert into sales (user_id, status, sell_price_from, sell_price_to, rent_price_from, rent_price_to, type) values ((select ins2.id from ins2), 1, 1, 1000, 0.5, 500, 1) returning id, user_id) , saleBranch2 AS ( INSERT INTO sale_branch (sale_id, branch_id) values ((select sale2.id from sale2), 'acc34951-cace-45f0-bf70-f73b1af6dc63')) , saleRole2 AS ( insert into users_roles (user_id, role_id) values ((select sale2.user_id from sale2), '3172850a-8dc4-499d-8d3d-19a7a0110639')) insert into sale_district(sale_id, districts_id) values ((select sale2.id from sale2), 569), ((select sale2.id from sale2), 571), ((select sale2.id from sale2), 567), ((select sale2.id from sale2), 568), ((select sale2.id from sale2), 570), ((select sale2.id from sale2), 550), ((select sale2.id from sale2), 559), ((select sale2.id from sale2), 560), ((select sale2.id from sale2), 551), ((select sale2.id from sale2), 572), ((select sale2.id from sale2), 558), ((select sale2.id from sale2), 561), ((select sale2.id from sale2), 562), ((select sale2.id from sale2), 563), ((select sale2.id from sale2), 566), ((select sale2.id from sale2), 564), ((select sale2.id from sale2), 573), ((select sale2.id from sale2), 565), ((select sale2.id from sale2), 553), ((select sale2.id from sale2), 552), ((select sale2.id from sale2), 556), ((select sale2.id from sale2), 554), ((select sale2.id from sale2), 555), ((select sale2.id from sale2), 557);WITH ins3 AS ( insert into users (full_name, username, password, status, raw_phone_number) VALUES ('Bùi Minh Đức', 'ducbui010487@gmail.com', '9145df64c38e9fe27b19a8fc1ce1b2359768d46bfd347f56d14762bd8642797b', 1, '0903080104') returning id) , sale3 AS ( insert into sales (user_id, status, sell_price_from, sell_price_to, rent_price_from, rent_price_to, type) values ((select ins3.id from ins3), 1, 1, 1000, 0.5, 500, 1) returning id, user_id) , saleBranch3 AS ( INSERT INTO sale_branch (sale_id, branch_id) values ((select sale3.id from sale3), 'acc34951-cace-45f0-bf70-f73b1af6dc63')) , saleRole3 AS ( insert into users_roles (user_id, role_id) values ((select sale3.user_id from sale3), '3172850a-8dc4-499d-8d3d-19a7a0110639')) insert into sale_district(sale_id, districts_id) values ((select sale3.id from sale3), 569), ((select sale3.id from sale3), 571), ((select sale3.id from sale3), 567), ((select sale3.id from sale3), 568), ((select sale3.id from sale3), 570), ((select sale3.id from sale3), 550), ((select sale3.id from sale3), 559), ((select sale3.id from sale3), 560), ((select sale3.id from sale3), 551), ((select sale3.id from sale3), 572), ((select sale3.id from sale3), 558), ((select sale3.id from sale3), 561), ((select sale3.id from sale3), 562), ((select sale3.id from sale3), 563), ((select sale3.id from sale3), 566), ((select sale3.id from sale3), 564), ((select sale3.id from sale3), 573), ((select sale3.id from sale3), 565), ((select sale3.id from sale3), 553), ((select sale3.id from sale3), 552), ((select sale3.id from sale3), 556), ((select sale3.id from sale3), 554), ((select sale3.id from sale3), 555), ((select sale3.id from sale3), 557);WITH ins4 AS ( insert into users (full_name, username, password, status, raw_phone_number) VALUES ('Lê Thị Hoàng Yến', 'hoangyen1511.pl@gmail.com', '9145df64c38e9fe27b19a8fc1ce1b2359768d46bfd347f56d14762bd8642797b', 1, '0901916546') returning id) , sale4 AS ( insert into sales (user_id, status, sell_price_from, sell_price_to, rent_price_from, rent_price_to, type) values ((select ins4.id from ins4), 1, 1, 1000, 0.5, 500, 1) returning id, user_id) , saleBranch4 AS ( INSERT INTO sale_branch (sale_id, branch_id) values ((select sale4.id from sale4), 'acc34951-cace-45f0-bf70-f73b1af6dc63')) , saleRole4 AS ( insert into users_roles (user_id, role_id) values ((select sale4.user_id from sale4), '3172850a-8dc4-499d-8d3d-19a7a0110639')) insert into sale_district(sale_id, districts_id) values ((select sale4.id from sale4), 569), ((select sale4.id from sale4), 571), ((select sale4.id from sale4), 567), ((select sale4.id from sale4), 568), ((select sale4.id from sale4), 570), ((select sale4.id from sale4), 550), ((select sale4.id from sale4), 559), ((select sale4.id from sale4), 560), ((select sale4.id from sale4), 551), ((select sale4.id from sale4), 572), ((select sale4.id from sale4), 558), ((select sale4.id from sale4), 561), ((select sale4.id from sale4), 562), ((select sale4.id from sale4), 563), ((select sale4.id from sale4), 566), ((select sale4.id from sale4), 564), ((select sale4.id from sale4), 573), ((select sale4.id from sale4), 565), ((select sale4.id from sale4), 553), ((select sale4.id from sale4), 552), ((select sale4.id from sale4), 556), ((select sale4.id from sale4), 554), ((select sale4.id from sale4), 555), ((select sale4.id from sale4), 557);WITH ins5 AS ( insert into users (full_name, username, password, status, raw_phone_number) VALUES ('Trần Thị Xuân (Vy)', 'tranhoangvy1511@gmail.com', '9145df64c38e9fe27b19a8fc1ce1b2359768d46bfd347f56d14762bd8642797b', 1, '0932170604') returning id) , sale5 AS ( insert into sales (user_id, status, sell_price_from, sell_price_to, rent_price_from, rent_price_to, type) values ((select ins5.id from ins5), 1, 1, 1000, 0.5, 500, 1) returning id, user_id) , saleBranch5 AS ( INSERT INTO sale_branch (sale_id, branch_id) values ((select sale5.id from sale5), 'acc34951-cace-45f0-bf70-f73b1af6dc63')) , saleRole5 AS ( insert into users_roles (user_id, role_id) values ((select sale5.user_id from sale5), '3172850a-8dc4-499d-8d3d-19a7a0110639')) insert into sale_district(sale_id, districts_id) values ((select sale5.id from sale5), 569), ((select sale5.id from sale5), 571), ((select sale5.id from sale5), 567), ((select sale5.id from sale5), 568), ((select sale5.id from sale5), 570), ((select sale5.id from sale5), 550), ((select sale5.id from sale5), 559), ((select sale5.id from sale5), 560), ((select sale5.id from sale5), 551), ((select sale5.id from sale5), 572), ((select sale5.id from sale5), 558), ((select sale5.id from sale5), 561), ((select sale5.id from sale5), 562), ((select sale5.id from sale5), 563), ((select sale5.id from sale5), 566), ((select sale5.id from sale5), 564), ((select sale5.id from sale5), 573), ((select sale5.id from sale5), 565), ((select sale5.id from sale5), 553), ((select sale5.id from sale5), 552), ((select sale5.id from sale5), 556), ((select sale5.id from sale5), 554), ((select sale5.id from sale5), 555), ((select sale5.id from sale5), 557);WITH ins6 AS ( insert into users (full_name, username, password, status, raw_phone_number) VALUES ('Nguyễn Ngọc Tuấn Huy', 'tuanhuy55357@gmail.com', '9145df64c38e9fe27b19a8fc1ce1b2359768d46bfd347f56d14762bd8642797b', 1, '0938967492') returning id) , sale6 AS ( insert into sales (user_id, status, sell_price_from, sell_price_to, rent_price_from, rent_price_to, type) values ((select ins6.id from ins6), 1, 1, 1000, 0.5, 500, 1) returning id, user_id) , saleBranch6 AS ( INSERT INTO sale_branch (sale_id, branch_id) values ((select sale6.id from sale6), 'acc34951-cace-45f0-bf70-f73b1af6dc63')) , saleRole6 AS ( insert into users_roles (user_id, role_id) values ((select sale6.user_id from sale6), '3172850a-8dc4-499d-8d3d-19a7a0110639')) insert into sale_district(sale_id, districts_id) values ((select sale6.id from sale6), 569), ((select sale6.id from sale6), 571), ((select sale6.id from sale6), 567), ((select sale6.id from sale6), 568), ((select sale6.id from sale6), 570), ((select sale6.id from sale6), 550), ((select sale6.id from sale6), 559), ((select sale6.id from sale6), 560), ((select sale6.id from sale6), 551), ((select sale6.id from sale6), 572), ((select sale6.id from sale6), 558), ((select sale6.id from sale6), 561), ((select sale6.id from sale6), 562), ((select sale6.id from sale6), 563), ((select sale6.id from sale6), 566), ((select sale6.id from sale6), 564), ((select sale6.id from sale6), 573), ((select sale6.id from sale6), 565), ((select sale6.id from sale6), 553), ((select sale6.id from sale6), 552), ((select sale6.id from sale6), 556), ((select sale6.id from sale6), 554), ((select sale6.id from sale6), 555), ((select sale6.id from sale6), 557);WITH ins7 AS ( insert into users (full_name, username, password, status, raw_phone_number) VALUES ('Bùi Quốc Huy', 'huybui142@gmail.com', '9145df64c38e9fe27b19a8fc1ce1b2359768d46bfd347f56d14762bd8642797b', 1, '0905514539') returning id) , sale7 AS ( insert into sales (user_id, status, sell_price_from, sell_price_to, rent_price_from, rent_price_to, type) values ((select ins7.id from ins7), 1, 1, 1000, 0.5, 500, 1) returning id, user_id) , saleBranch7 AS ( INSERT INTO sale_branch (sale_id, branch_id) values ((select sale7.id from sale7), 'acc34951-cace-45f0-bf70-f73b1af6dc63')) , saleRole7 AS ( insert into users_roles (user_id, role_id) values ((select sale7.user_id from sale7), '3172850a-8dc4-499d-8d3d-19a7a0110639')) insert into sale_district(sale_id, districts_id) values ((select sale7.id from sale7), 569), ((select sale7.id from sale7), 571), ((select sale7.id from sale7), 567), ((select sale7.id from sale7), 568), ((select sale7.id from sale7), 570), ((select sale7.id from sale7), 550), ((select sale7.id from sale7), 559), ((select sale7.id from sale7), 560), ((select sale7.id from sale7), 551), ((select sale7.id from sale7), 572), ((select sale7.id from sale7), 558), ((select sale7.id from sale7), 561), ((select sale7.id from sale7), 562), ((select sale7.id from sale7), 563), ((select sale7.id from sale7), 566), ((select sale7.id from sale7), 564), ((select sale7.id from sale7), 573), ((select sale7.id from sale7), 565), ((select sale7.id from sale7), 553), ((select sale7.id from sale7), 552), ((select sale7.id from sale7), 556), ((select sale7.id from sale7), 554), ((select sale7.id from sale7), 555), ((select sale7.id from sale7), 557);WITH ins8 AS ( insert into users (full_name, username, password, status, raw_phone_number) VALUES ('Nguyễn Thị Hải Yến', 'haiyen266bds@gmail.com', '9145df64c38e9fe27b19a8fc1ce1b2359768d46bfd347f56d14762bd8642797b', 1, '0938678233') returning id) , sale8 AS ( insert into sales (user_id, status, sell_price_from, sell_price_to, rent_price_from, rent_price_to, type) values ((select ins8.id from ins8), 1, 1, 1000, 0.5, 500, 1) returning id, user_id) , saleBranch8 AS ( INSERT INTO sale_branch (sale_id, branch_id) values ((select sale8.id from sale8), 'acc34951-cace-45f0-bf70-f73b1af6dc63')) , saleRole8 AS ( insert into users_roles (user_id, role_id) values ((select sale8.user_id from sale8), '3172850a-8dc4-499d-8d3d-19a7a0110639')) insert into sale_district(sale_id, districts_id) values ((select sale8.id from sale8), 569), ((select sale8.id from sale8), 571), ((select sale8.id from sale8), 567), ((select sale8.id from sale8), 568), ((select sale8.id from sale8), 570), ((select sale8.id from sale8), 550), ((select sale8.id from sale8), 559), ((select sale8.id from sale8), 560), ((select sale8.id from sale8), 551), ((select sale8.id from sale8), 572), ((select sale8.id from sale8), 558), ((select sale8.id from sale8), 561), ((select sale8.id from sale8), 562), ((select sale8.id from sale8), 563), ((select sale8.id from sale8), 566), ((select sale8.id from sale8), 564), ((select sale8.id from sale8), 573), ((select sale8.id from sale8), 565), ((select sale8.id from sale8), 553), ((select sale8.id from sale8), 552), ((select sale8.id from sale8), 556), ((select sale8.id from sale8), 554), ((select sale8.id from sale8), 555), ((select sale8.id from sale8), 557);WITH ins9 AS ( insert into users (full_name, username, password, status, raw_phone_number) VALUES ('Nguyễn Quốc Trung', 'quoctrung5520@gmail.com', '9145df64c38e9fe27b19a8fc1ce1b2359768d46bfd347f56d14762bd8642797b', 1, '0344778431') returning id) , sale9 AS ( insert into sales (user_id, status, sell_price_from, sell_price_to, rent_price_from, rent_price_to, type) values ((select ins9.id from ins9), 1, 1, 1000, 0.5, 500, 1) returning id, user_id) , saleBranch9 AS ( INSERT INTO sale_branch (sale_id, branch_id) values ((select sale9.id from sale9), 'acc34951-cace-45f0-bf70-f73b1af6dc63')) , saleRole9 AS ( insert into users_roles (user_id, role_id) values ((select sale9.user_id from sale9), '3172850a-8dc4-499d-8d3d-19a7a0110639')) insert into sale_district(sale_id, districts_id) values ((select sale9.id from sale9), 569), ((select sale9.id from sale9), 571), ((select sale9.id from sale9), 567), ((select sale9.id from sale9), 568), ((select sale9.id from sale9), 570), ((select sale9.id from sale9), 550), ((select sale9.id from sale9), 559), ((select sale9.id from sale9), 560), ((select sale9.id from sale9), 551), ((select sale9.id from sale9), 572), ((select sale9.id from sale9), 558), ((select sale9.id from sale9), 561), ((select sale9.id from sale9), 562), ((select sale9.id from sale9), 563), ((select sale9.id from sale9), 566), ((select sale9.id from sale9), 564), ((select sale9.id from sale9), 573), ((select sale9.id from sale9), 565), ((select sale9.id from sale9), 553), ((select sale9.id from sale9), 552), ((select sale9.id from sale9), 556), ((select sale9.id from sale9), 554), ((select sale9.id from sale9), 555), ((select sale9.id from sale9), 557);WITH ins10 AS ( insert into users (full_name, username, password, status, raw_phone_number) VALUES ('Đinh Thanh Tùng', 'rbthanhtung@gmail.com', '9145df64c38e9fe27b19a8fc1ce1b2359768d46bfd347f56d14762bd8642797b', 1, '0938275777') returning id) , sale10 AS ( insert into sales (user_id, status, sell_price_from, sell_price_to, rent_price_from, rent_price_to, type) values ((select ins10.id from ins10), 1, 1, 1000, 0.5, 500, 1) returning id, user_id) , saleBranch10 AS ( INSERT INTO sale_branch (sale_id, branch_id) values ((select sale10.id from sale10), 'acc34951-cace-45f0-bf70-f73b1af6dc63')) , saleRole10 AS ( insert into users_roles (user_id, role_id) values ((select sale10.user_id from sale10), '3172850a-8dc4-499d-8d3d-19a7a0110639')) insert into sale_district(sale_id, districts_id) values ((select sale10.id from sale10), 569), ((select sale10.id from sale10), 571), ((select sale10.id from sale10), 567), ((select sale10.id from sale10), 568), ((select sale10.id from sale10), 570), ((select sale10.id from sale10), 550), ((select sale10.id from sale10), 559), ((select sale10.id from sale10), 560), ((select sale10.id from sale10), 551), ((select sale10.id from sale10), 572), ((select sale10.id from sale10), 558), ((select sale10.id from sale10), 561), ((select sale10.id from sale10), 562), ((select sale10.id from sale10), 563), ((select sale10.id from sale10), 566), ((select sale10.id from sale10), 564), ((select sale10.id from sale10), 573), ((select sale10.id from sale10), 565), ((select sale10.id from sale10), 553), ((select sale10.id from sale10), 552), ((select sale10.id from sale10), 556), ((select sale10.id from sale10), 554), ((select sale10.id from sale10), 555), ((select sale10.id from sale10), 557);WITH ins11 AS ( insert into users (full_name, username, password, status, raw_phone_number) VALUES ('Bùi Việt Hoàng', 'buiviethoang14@gmail.com', '9145df64c38e9fe27b19a8fc1ce1b2359768d46bfd347f56d14762bd8642797b', 1, '0934415167') returning id) , sale11 AS ( insert into sales (user_id, status, sell_price_from, sell_price_to, rent_price_from, rent_price_to, type) values ((select ins11.id from ins11), 1, 1, 1000, 0.5, 500, 1) returning id, user_id) , saleBranch11 AS ( INSERT INTO sale_branch (sale_id, branch_id) values ((select sale11.id from sale11), 'acc34951-cace-45f0-bf70-f73b1af6dc63')) , saleRole11 AS ( insert into users_roles (user_id, role_id) values ((select sale11.user_id from sale11), '3172850a-8dc4-499d-8d3d-19a7a0110639')) insert into sale_district(sale_id, districts_id) values ((select sale11.id from sale11), 569), ((select sale11.id from sale11), 571), ((select sale11.id from sale11), 567), ((select sale11.id from sale11), 568), ((select sale11.id from sale11), 570), ((select sale11.id from sale11), 550), ((select sale11.id from sale11), 559), ((select sale11.id from sale11), 560), ((select sale11.id from sale11), 551), ((select sale11.id from sale11), 572), ((select sale11.id from sale11), 558), ((select sale11.id from sale11), 561), ((select sale11.id from sale11), 562), ((select sale11.id from sale11), 563), ((select sale11.id from sale11), 566), ((select sale11.id from sale11), 564), ((select sale11.id from sale11), 573), ((select sale11.id from sale11), 565), ((select sale11.id from sale11), 553), ((select sale11.id from sale11), 552), ((select sale11.id from sale11), 556), ((select sale11.id from sale11), 554), ((select sale11.id from sale11), 555), ((select sale11.id from sale11), 557);WITH ins12 AS ( insert into users (full_name, username, password, status, raw_phone_number) VALUES ('Triệu Quốc Lộc', 'trieuquocloc4567@gmail.com', '9145df64c38e9fe27b19a8fc1ce1b2359768d46bfd347f56d14762bd8642797b', 1, '0983912355') returning id) , sale12 AS ( insert into sales (user_id, status, sell_price_from, sell_price_to, rent_price_from, rent_price_to, type) values ((select ins12.id from ins12), 1, 1, 1000, 0.5, 500, 1) returning id, user_id) , saleBranch12 AS ( INSERT INTO sale_branch (sale_id, branch_id) values ((select sale12.id from sale12), 'acc34951-cace-45f0-bf70-f73b1af6dc63')) , saleRole12 AS ( insert into users_roles (user_id, role_id) values ((select sale12.user_id from sale12), '3172850a-8dc4-499d-8d3d-19a7a0110639')) insert into sale_district(sale_id, districts_id) values ((select sale12.id from sale12), 569), ((select sale12.id from sale12), 571), ((select sale12.id from sale12), 567), ((select sale12.id from sale12), 568), ((select sale12.id from sale12), 570), ((select sale12.id from sale12), 550), ((select sale12.id from sale12), 559), ((select sale12.id from sale12), 560), ((select sale12.id from sale12), 551), ((select sale12.id from sale12), 572), ((select sale12.id from sale12), 558), ((select sale12.id from sale12), 561), ((select sale12.id from sale12), 562), ((select sale12.id from sale12), 563), ((select sale12.id from sale12), 566), ((select sale12.id from sale12), 564), ((select sale12.id from sale12), 573), ((select sale12.id from sale12), 565), ((select sale12.id from sale12), 553), ((select sale12.id from sale12), 552), ((select sale12.id from sale12), 556), ((select sale12.id from sale12), 554), ((select sale12.id from sale12), 555), ((select sale12.id from sale12), 557);WITH ins13 AS ( insert into users (full_name, username, password, status, raw_phone_number) VALUES ('Trần Thanh Hà', 'tranhalong16071995@gmail.com', '9145df64c38e9fe27b19a8fc1ce1b2359768d46bfd347f56d14762bd8642797b', 1, '0363336907') returning id) , sale13 AS ( insert into sales (user_id, status, sell_price_from, sell_price_to, rent_price_from, rent_price_to, type) values ((select ins13.id from ins13), 1, 1, 1000, 0.5, 500, 1) returning id, user_id) , saleBranch13 AS ( INSERT INTO sale_branch (sale_id, branch_id) values ((select sale13.id from sale13), 'acc34951-cace-45f0-bf70-f73b1af6dc63')) , saleRole13 AS ( insert into users_roles (user_id, role_id) values ((select sale13.user_id from sale13), '3172850a-8dc4-499d-8d3d-19a7a0110639')) insert into sale_district(sale_id, districts_id) values ((select sale13.id from sale13), 569), ((select sale13.id from sale13), 571), ((select sale13.id from sale13), 567), ((select sale13.id from sale13), 568), ((select sale13.id from sale13), 570), ((select sale13.id from sale13), 550), ((select sale13.id from sale13), 559), ((select sale13.id from sale13), 560), ((select sale13.id from sale13), 551), ((select sale13.id from sale13), 572), ((select sale13.id from sale13), 558), ((select sale13.id from sale13), 561), ((select sale13.id from sale13), 562), ((select sale13.id from sale13), 563), ((select sale13.id from sale13), 566), ((select sale13.id from sale13), 564), ((select sale13.id from sale13), 573), ((select sale13.id from sale13), 565), ((select sale13.id from sale13), 553), ((select sale13.id from sale13), 552), ((select sale13.id from sale13), 556), ((select sale13.id from sale13), 554), ((select sale13.id from sale13), 555), ((select sale13.id from sale13), 557);WITH ins14 AS ( insert into users (full_name, username, password, status, raw_phone_number) VALUES ('Trương Thúy Hiền (Ngà)', 'thuyhien1312@gmail.com', '9145df64c38e9fe27b19a8fc1ce1b2359768d46bfd347f56d14762bd8642797b', 1, '0906396897') returning id) , sale14 AS ( insert into sales (user_id, status, sell_price_from, sell_price_to, rent_price_from, rent_price_to, type) values ((select ins14.id from ins14), 1, 1, 1000, 0.5, 500, 1) returning id, user_id) , saleBranch14 AS ( INSERT INTO sale_branch (sale_id, branch_id) values ((select sale14.id from sale14), 'acc34951-cace-45f0-bf70-f73b1af6dc63')) , saleRole14 AS ( insert into users_roles (user_id, role_id) values ((select sale14.user_id from sale14), '3172850a-8dc4-499d-8d3d-19a7a0110639')) insert into sale_district(sale_id, districts_id) values ((select sale14.id from sale14), 569), ((select sale14.id from sale14), 571), ((select sale14.id from sale14), 567), ((select sale14.id from sale14), 568), ((select sale14.id from sale14), 570), ((select sale14.id from sale14), 550), ((select sale14.id from sale14), 559), ((select sale14.id from sale14), 560), ((select sale14.id from sale14), 551), ((select sale14.id from sale14), 572), ((select sale14.id from sale14), 558), ((select sale14.id from sale14), 561), ((select sale14.id from sale14), 562), ((select sale14.id from sale14), 563), ((select sale14.id from sale14), 566), ((select sale14.id from sale14), 564), ((select sale14.id from sale14), 573), ((select sale14.id from sale14), 565), ((select sale14.id from sale14), 553), ((select sale14.id from sale14), 552), ((select sale14.id from sale14), 556), ((select sale14.id from sale14), 554), ((select sale14.id from sale14), 555), ((select sale14.id from sale14), 557);WITH ins15 AS ( insert into users (full_name, username, password, status, raw_phone_number) VALUES ('Lương Tất Thành', 'thanh67lk@gmail.com', '9145df64c38e9fe27b19a8fc1ce1b2359768d46bfd347f56d14762bd8642797b', 1, '0909323231') returning id) , sale15 AS ( insert into sales (user_id, status, sell_price_from, sell_price_to, rent_price_from, rent_price_to, type) values ((select ins15.id from ins15), 1, 1, 1000, 0.5, 500, 1) returning id, user_id) , saleBranch15 AS ( INSERT INTO sale_branch (sale_id, branch_id) values ((select sale15.id from sale15), 'acc34951-cace-45f0-bf70-f73b1af6dc63')) , saleRole15 AS ( insert into users_roles (user_id, role_id) values ((select sale15.user_id from sale15), '3172850a-8dc4-499d-8d3d-19a7a0110639')) insert into sale_district(sale_id, districts_id) values ((select sale15.id from sale15), 569), ((select sale15.id from sale15), 571), ((select sale15.id from sale15), 567), ((select sale15.id from sale15), 568), ((select sale15.id from sale15), 570), ((select sale15.id from sale15), 550), ((select sale15.id from sale15), 559), ((select sale15.id from sale15), 560), ((select sale15.id from sale15), 551), ((select sale15.id from sale15), 572), ((select sale15.id from sale15), 558), ((select sale15.id from sale15), 561), ((select sale15.id from sale15), 562), ((select sale15.id from sale15), 563), ((select sale15.id from sale15), 566), ((select sale15.id from sale15), 564), ((select sale15.id from sale15), 573), ((select sale15.id from sale15), 565), ((select sale15.id from sale15), 553), ((select sale15.id from sale15), 552), ((select sale15.id from sale15), 556), ((select sale15.id from sale15), 554), ((select sale15.id from sale15), 555), ((select sale15.id from sale15), 557);WITH ins16 AS ( insert into users (full_name, username, password, status, raw_phone_number) VALUES ('Trần Thị Cẩm Thoại', 'tranthicamthoai.hp2022@gmail.com', '9145df64c38e9fe27b19a8fc1ce1b2359768d46bfd347f56d14762bd8642797b', 1, '0388821654') returning id) , sale16 AS ( insert into sales (user_id, status, sell_price_from, sell_price_to, rent_price_from, rent_price_to, type) values ((select ins16.id from ins16), 1, 1, 1000, 0.5, 500, 1) returning id, user_id) , saleBranch16 AS ( INSERT INTO sale_branch (sale_id, branch_id) values ((select sale16.id from sale16), 'acc34951-cace-45f0-bf70-f73b1af6dc63')) , saleRole16 AS ( insert into users_roles (user_id, role_id) values ((select sale16.user_id from sale16), '3172850a-8dc4-499d-8d3d-19a7a0110639')) insert into sale_district(sale_id, districts_id) values ((select sale16.id from sale16), 569), ((select sale16.id from sale16), 571), ((select sale16.id from sale16), 567), ((select sale16.id from sale16), 568), ((select sale16.id from sale16), 570), ((select sale16.id from sale16), 550), ((select sale16.id from sale16), 559), ((select sale16.id from sale16), 560), ((select sale16.id from sale16), 551), ((select sale16.id from sale16), 572), ((select sale16.id from sale16), 558), ((select sale16.id from sale16), 561), ((select sale16.id from sale16), 562), ((select sale16.id from sale16), 563), ((select sale16.id from sale16), 566), ((select sale16.id from sale16), 564), ((select sale16.id from sale16), 573), ((select sale16.id from sale16), 565), ((select sale16.id from sale16), 553), ((select sale16.id from sale16), 552), ((select sale16.id from sale16), 556), ((select sale16.id from sale16), 554), ((select sale16.id from sale16), 555), ((select sale16.id from sale16), 557);WITH ins17 AS ( insert into users (full_name, username, password, status, raw_phone_number) VALUES ('Hàn Thế Hùng', '1854020060hung@ou.edu.vn', '9145df64c38e9fe27b19a8fc1ce1b2359768d46bfd347f56d14762bd8642797b', 1, '0899027632') returning id) , sale17 AS ( insert into sales (user_id, status, sell_price_from, sell_price_to, rent_price_from, rent_price_to, type) values ((select ins17.id from ins17), 1, 1, 1000, 0.5, 500, 1) returning id, user_id) , saleBranch17 AS ( INSERT INTO sale_branch (sale_id, branch_id) values ((select sale17.id from sale17), 'acc34951-cace-45f0-bf70-f73b1af6dc63')) , saleRole17 AS ( insert into users_roles (user_id, role_id) values ((select sale17.user_id from sale17), '3172850a-8dc4-499d-8d3d-19a7a0110639')) insert into sale_district(sale_id, districts_id) values ((select sale17.id from sale17), 569), ((select sale17.id from sale17), 571), ((select sale17.id from sale17), 567), ((select sale17.id from sale17), 568), ((select sale17.id from sale17), 570), ((select sale17.id from sale17), 550), ((select sale17.id from sale17), 559), ((select sale17.id from sale17), 560), ((select sale17.id from sale17), 551), ((select sale17.id from sale17), 572), ((select sale17.id from sale17), 558), ((select sale17.id from sale17), 561), ((select sale17.id from sale17), 562), ((select sale17.id from sale17), 563), ((select sale17.id from sale17), 566), ((select sale17.id from sale17), 564), ((select sale17.id from sale17), 573), ((select sale17.id from sale17), 565), ((select sale17.id from sale17), 553), ((select sale17.id from sale17), 552), ((select sale17.id from sale17), 556), ((select sale17.id from sale17), 554), ((select sale17.id from sale17), 555), ((select sale17.id from sale17), 557);WITH ins18 AS ( insert into users (full_name, username, password, status, raw_phone_number) VALUES ('Hồ Quốc Phong', '1854020126phong@ou.edu.vn', '9145df64c38e9fe27b19a8fc1ce1b2359768d46bfd347f56d14762bd8642797b', 1, '0378103841') returning id) , sale18 AS ( insert into sales (user_id, status, sell_price_from, sell_price_to, rent_price_from, rent_price_to, type) values ((select ins18.id from ins18), 1, 1, 1000, 0.5, 500, 1) returning id, user_id) , saleBranch18 AS ( INSERT INTO sale_branch (sale_id, branch_id) values ((select sale18.id from sale18), 'acc34951-cace-45f0-bf70-f73b1af6dc63')) , saleRole18 AS ( insert into users_roles (user_id, role_id) values ((select sale18.user_id from sale18), '3172850a-8dc4-499d-8d3d-19a7a0110639')) insert into sale_district(sale_id, districts_id) values ((select sale18.id from sale18), 569), ((select sale18.id from sale18), 571), ((select sale18.id from sale18), 567), ((select sale18.id from sale18), 568), ((select sale18.id from sale18), 570), ((select sale18.id from sale18), 550), ((select sale18.id from sale18), 559), ((select sale18.id from sale18), 560), ((select sale18.id from sale18), 551), ((select sale18.id from sale18), 572), ((select sale18.id from sale18), 558), ((select sale18.id from sale18), 561), ((select sale18.id from sale18), 562), ((select sale18.id from sale18), 563), ((select sale18.id from sale18), 566), ((select sale18.id from sale18), 564), ((select sale18.id from sale18), 573), ((select sale18.id from sale18), 565), ((select sale18.id from sale18), 553), ((select sale18.id from sale18), 552), ((select sale18.id from sale18), 556), ((select sale18.id from sale18), 554), ((select sale18.id from sale18), 555), ((select sale18.id from sale18), 557);WITH ins19 AS ( insert into users (full_name, username, password, status, raw_phone_number) VALUES ('Lê Văn Tường', 'tuonglvqn@gmail.com', '9145df64c38e9fe27b19a8fc1ce1b2359768d46bfd347f56d14762bd8642797b', 1, '0909119167') returning id) , sale19 AS ( insert into sales (user_id, status, sell_price_from, sell_price_to, rent_price_from, rent_price_to, type) values ((select ins19.id from ins19), 1, 1, 1000, 0.5, 500, 1) returning id, user_id) , saleBranch19 AS ( INSERT INTO sale_branch (sale_id, branch_id) values ((select sale19.id from sale19), 'acc34951-cace-45f0-bf70-f73b1af6dc63')) , saleRole19 AS ( insert into users_roles (user_id, role_id) values ((select sale19.user_id from sale19), '3172850a-8dc4-499d-8d3d-19a7a0110639')) insert into sale_district(sale_id, districts_id) values ((select sale19.id from sale19), 569), ((select sale19.id from sale19), 571), ((select sale19.id from sale19), 567), ((select sale19.id from sale19), 568), ((select sale19.id from sale19), 570), ((select sale19.id from sale19), 550), ((select sale19.id from sale19), 559), ((select sale19.id from sale19), 560), ((select sale19.id from sale19), 551), ((select sale19.id from sale19), 572), ((select sale19.id from sale19), 558), ((select sale19.id from sale19), 561), ((select sale19.id from sale19), 562), ((select sale19.id from sale19), 563), ((select sale19.id from sale19), 566), ((select sale19.id from sale19), 564), ((select sale19.id from sale19), 573), ((select sale19.id from sale19), 565), ((select sale19.id from sale19), 553), ((select sale19.id from sale19), 552), ((select sale19.id from sale19), 556), ((select sale19.id from sale19), 554), ((select sale19.id from sale19), 555), ((select sale19.id from sale19), 557);WITH ins20 AS ( insert into users (full_name, username, password, status, raw_phone_number) VALUES ('Võ Thị Hằng', 'hangvo2929@gmail.com', '9145df64c38e9fe27b19a8fc1ce1b2359768d46bfd347f56d14762bd8642797b', 1, '0904902298') returning id) , sale20 AS ( insert into sales (user_id, status, sell_price_from, sell_price_to, rent_price_from, rent_price_to, type) values ((select ins20.id from ins20), 1, 1, 1000, 0.5, 500, 1) returning id, user_id) , saleBranch20 AS ( INSERT INTO sale_branch (sale_id, branch_id) values ((select sale20.id from sale20), 'acc34951-cace-45f0-bf70-f73b1af6dc63')) , saleRole20 AS ( insert into users_roles (user_id, role_id) values ((select sale20.user_id from sale20), '8bc156e4-e38e-41cf-b4f9-c7ab8f64c722')) insert into sale_district(sale_id, districts_id) values ((select sale20.id from sale20), 569), ((select sale20.id from sale20), 571), ((select sale20.id from sale20), 567), ((select sale20.id from sale20), 568), ((select sale20.id from sale20), 570), ((select sale20.id from sale20), 550), ((select sale20.id from sale20), 559), ((select sale20.id from sale20), 560), ((select sale20.id from sale20), 551), ((select sale20.id from sale20), 572), ((select sale20.id from sale20), 558), ((select sale20.id from sale20), 561), ((select sale20.id from sale20), 562), ((select sale20.id from sale20), 563), ((select sale20.id from sale20), 566), ((select sale20.id from sale20), 564), ((select sale20.id from sale20), 573), ((select sale20.id from sale20), 565), ((select sale20.id from sale20), 553), ((select sale20.id from sale20), 552), ((select sale20.id from sale20), 556), ((select sale20.id from sale20), 554), ((select sale20.id from sale20), 555), ((select sale20.id from sale20), 557);WITH ins21 AS ( insert into users (full_name, username, password, status, raw_phone_number) VALUES ('Phùng Thị Hồng Nhung', 'hnhung4299@gmail.com', '9145df64c38e9fe27b19a8fc1ce1b2359768d46bfd347f56d14762bd8642797b', 1, '0586719450') returning id) , sale21 AS ( insert into sales (user_id, status, sell_price_from, sell_price_to, rent_price_from, rent_price_to, type) values ((select ins21.id from ins21), 1, 1, 1000, 0.5, 500, 1) returning id, user_id) , saleBranch21 AS ( INSERT INTO sale_branch (sale_id, branch_id) values ((select sale21.id from sale21), 'acc34951-cace-45f0-bf70-f73b1af6dc63')) , saleRole21 AS ( insert into users_roles (user_id, role_id) values ((select sale21.user_id from sale21), '8bc156e4-e38e-41cf-b4f9-c7ab8f64c722')) insert into sale_district(sale_id, districts_id) values ((select sale21.id from sale21), 569), ((select sale21.id from sale21), 571), ((select sale21.id from sale21), 567), ((select sale21.id from sale21), 568), ((select sale21.id from sale21), 570), ((select sale21.id from sale21), 550), ((select sale21.id from sale21), 559), ((select sale21.id from sale21), 560), ((select sale21.id from sale21), 551), ((select sale21.id from sale21), 572), ((select sale21.id from sale21), 558), ((select sale21.id from sale21), 561), ((select sale21.id from sale21), 562), ((select sale21.id from sale21), 563), ((select sale21.id from sale21), 566), ((select sale21.id from sale21), 564), ((select sale21.id from sale21), 573), ((select sale21.id from sale21), 565), ((select sale21.id from sale21), 553), ((select sale21.id from sale21), 552), ((select sale21.id from sale21), 556), ((select sale21.id from sale21), 554), ((select sale21.id from sale21), 555), ((select sale21.id from sale21), 557);WITH ins22 AS ( insert into users (full_name, username, password, status, raw_phone_number) VALUES ('Nguyễn Tuấn Dũng', 'tuandung.diaoc@gmail.com', '9145df64c38e9fe27b19a8fc1ce1b2359768d46bfd347f56d14762bd8642797b', 1, '0393272179') returning id) , sale22 AS ( insert into sales (user_id, status, sell_price_from, sell_price_to, rent_price_from, rent_price_to, type) values ((select ins22.id from ins22), 1, 1, 1000, 0.5, 500, 1) returning id, user_id) , saleBranch22 AS ( INSERT INTO sale_branch (sale_id, branch_id) values ((select sale22.id from sale22), 'acc34951-cace-45f0-bf70-f73b1af6dc63')) , saleRole22 AS ( insert into users_roles (user_id, role_id) values ((select sale22.user_id from sale22), '8bc156e4-e38e-41cf-b4f9-c7ab8f64c722')) insert into sale_district(sale_id, districts_id) values ((select sale22.id from sale22), 569), ((select sale22.id from sale22), 571), ((select sale22.id from sale22), 567), ((select sale22.id from sale22), 568), ((select sale22.id from sale22), 570), ((select sale22.id from sale22), 550), ((select sale22.id from sale22), 559), ((select sale22.id from sale22), 560), ((select sale22.id from sale22), 551), ((select sale22.id from sale22), 572), ((select sale22.id from sale22), 558), ((select sale22.id from sale22), 561), ((select sale22.id from sale22), 562), ((select sale22.id from sale22), 563), ((select sale22.id from sale22), 566), ((select sale22.id from sale22), 564), ((select sale22.id from sale22), 573), ((select sale22.id from sale22), 565), ((select sale22.id from sale22), 553), ((select sale22.id from sale22), 552), ((select sale22.id from sale22), 556), ((select sale22.id from sale22), 554), ((select sale22.id from sale22), 555), ((select sale22.id from sale22), 557);